scores,centers
0.9978845864534378,"[8.350000381469727, 2.390000104904175, 2.380000114440918]"
0.7989166975021362,"[-11.649999618530273, 0.38999998569488525, -19.6200008392334]"
0.7186387926340103,"[-13.649999618530273, -15.609999656677246, -5.619999885559082]"
0.9780252426862717,"[18.350000381469727, -11.609999656677246, -11.619999885559082]"
