scores,centers
0.998164638876915,"[9.579999923706055, 2.369999885559082, 1.340000033378601]"
0.9500000327825546,"[-12.420000076293945, 2.369999885559082, -28.65999984741211]"
0.697816014289856,"[-14.420000076293945, -15.630000114440918, -4.659999847412109]"
0.7437820434570312,"[17.579999923706055, -11.630000114440918, -14.65999984741211]"
